descendantConcept,descendantId,snomedConcept,snomedIdentifier,snomedHRConcept,VALIDITY_ID,query,propagation,coverage
Acute bronchitis (disorder),10509002,Acute bronchitis (disorder),10509002,Acute bronchitis (disorder),1,"(*):  ([1..1]{363698007|Finding site (attribute)| = <<955009|Bronchial structure (body structure)|,116676008|Associated morphology (attribute)| = 4532008|Acute inflammation (morphologic abnormality)|} AND [1..1]{263502005|Clinical course (attribute)| = 424124008|Sudden onset AND/OR short duration (qualifier value)|})&limit=7000",29,1
Combined chemotherapy and radiation therapy (procedure),703423002,Radiation oncology AND/OR radiotherapy (procedure),108290001,Combined chemotherapy and radiation therapy (procedure),1,"(*):  ([1..1]{363703001|Has intent (attribute)| = 262202000|Therapeutic intent (qualifier value)|,424244007|Using energy (attribute)| = 82107009|Radiation (physical force)|})&limit=7000",341,7
Brachytherapy of breast (procedure),447759004,Radiation oncology AND/OR radiotherapy (procedure),108290001,Brachytherapy of breast (procedure),1,"(*):  ([1..1]{363703001|Has intent (attribute)| = 262202000|Therapeutic intent (qualifier value)|,424244007|Using energy (attribute)| = 82107009|Radiation (physical force)|})&limit=7000",341,7
Radiation therapy care (regime/therapy),385798007,Radiation oncology AND/OR radiotherapy (procedure),108290001,Radiation therapy care (regime/therapy),2,"(*):  ([1..1]{363703001|Has intent (attribute)| = 262202000|Therapeutic intent (qualifier value)|,424244007|Using energy (attribute)| = 82107009|Radiation (physical force)|})&limit=7000",341,7
Intracavitary brachytherapy (procedure),384692006,Radiation oncology AND/OR radiotherapy (procedure),108290001,Intracavitary brachytherapy (procedure),1,"(*):  ([1..1]{363703001|Has intent (attribute)| = 262202000|Therapeutic intent (qualifier value)|,424244007|Using energy (attribute)| = 82107009|Radiation (physical force)|})&limit=7000",341,7
Interstitial brachytherapy (procedure),113120007,Radiation oncology AND/OR radiotherapy (procedure),108290001,Interstitial brachytherapy (procedure),0,"(*):  ([1..1]{363703001|Has intent (attribute)| = 262202000|Therapeutic intent (qualifier value)|,424244007|Using energy (attribute)| = 82107009|Radiation (physical force)|})&limit=7000",341,7
Radiation oncology AND/OR radiotherapy (procedure),108290001,Radiation oncology AND/OR radiotherapy (procedure),108290001,Radiation oncology AND/OR radiotherapy (procedure),2,"(*):  ([1..1]{363703001|Has intent (attribute)| = 262202000|Therapeutic intent (qualifier value)|,424244007|Using energy (attribute)| = 82107009|Radiation (physical force)|})&limit=7000",341,7
Teleradiotherapy procedure (procedure),33195004,Radiation oncology AND/OR radiotherapy (procedure),108290001,Teleradiotherapy procedure (procedure),0,"(*):  ([1..1]{363703001|Has intent (attribute)| = 262202000|Therapeutic intent (qualifier value)|,424244007|Using energy (attribute)| = 82107009|Radiation (physical force)|})&limit=7000",341,7
Concussion injury of brain (disorder),110030002,Concussion injury of brain (disorder),110030002,Concussion injury of brain,1,"(*):  ([1..1]{42752001|Due to (attribute)| = 773760007|Traumatic event (event)|} AND [1..1]{363698007|Finding site (attribute)| = <<12738006|Brain structure (body structure)|,116676008|Associated morphology (attribute)| = 708539008|Concussive injury (morphologic abnormality)|})&limit=7000",26,3
Concussion with loss of consciousness (disorder),62564004,Concussion injury of brain (disorder),110030002,Concussion with loss of consciousness,1,"(*):  ([1..1]{42752001|Due to (attribute)| = 773760007|Traumatic event (event)|} AND [1..1]{363698007|Finding site (attribute)| = <<12738006|Brain structure (body structure)|,116676008|Associated morphology (attribute)| = 708539008|Concussive injury (morphologic abnormality)|})&limit=7000",26,3
Concussion with no loss of consciousness (disorder),62106007,Concussion injury of brain (disorder),110030002,Concussion with no loss of consciousness,0,"(*):  ([1..1]{42752001|Due to (attribute)| = 773760007|Traumatic event (event)|} AND [1..1]{363698007|Finding site (attribute)| = <<12738006|Brain structure (body structure)|,116676008|Associated morphology (attribute)| = 708539008|Concussive injury (morphologic abnormality)|})&limit=7000",26,3
Cesarean section (procedure),11466000,Cesarean section (procedure),11466000,Cesarean section,1,"(*):  ([1..1]{260686004|Method (attribute)| = 129287005|Incision - action (qualifier value)|,405813007|Procedure site - Direct (attribute)| = <<35039007|Uterine structure (body structure)|} AND [1..1]{260686004|Method (attribute)| = 129415008|Extraction - action (qualifier value)|,405813007|Procedure site - Direct (attribute)| = <<55460000|Fetal structure (body structure)|} AND [1..1]{260686004|Method (attribute)| = 360149000|Delivery - action (qualifier value)|})&limit=7000",24,1
Disorder of kidney due to diabetes mellitus (disorder),127013003,Disorder of kidney co-occurrent and due to diabetes mellitus (disorder),127013003,Diabetic renal disease (disorder),0,(*):  ([1..1]{363698007|Finding site (attribute)| = <<64033007|Kidney structure (body structure)|} AND [1..1]{42752001|Due to (attribute)| = 73211009|Diabetes mellitus (disorder)|})&limit=7000,14,1
Traumatic brain injury (disorder),127295002,Traumatic brain injury (disorder),127295002,Traumatic brain injury (disorder),2,"(*):  ([1..1]{363698007|Finding site (attribute)| = <<12738006|Brain structure (body structure)|,116676008|Associated morphology (attribute)| = 37782003|Damage (morphologic abnormality)|} AND [1..1]{42752001|Due to (attribute)| = 773760007|Traumatic event (event)|})&limit=7000",48,1
Pulmonary emphysema (disorder),87433001,Chronic obstructive lung disease (disorder),13645005,Pulmonary emphysema (disorder),*,"(*):  ([1..1]{263502005|Clinical course (attribute)| = 90734009|Chronic (qualifier value)|} AND [1..1]{363698007|Finding site (attribute)| = <<55214000|Bronchiole structure (body structure)|,116676008|Associated morphology (attribute)| = 708528005|Narrowing (morphologic abnormality)|})&limit=7000",39,1
Protracted diarrhea (finding),236077008,Constipation (finding),14760008,Protracted diarrhea,1,"(*):  ([1..1]{363714003|Interprets (attribute)| = 39211005|Bowel action (observable entity)|,363713009|Has interpretation (attribute)| = 18307000|Altered (qualifier value)|} AND [1..1]{363698007|Finding site (attribute)| = <<122865005|Gastrointestinal tract structure (body structure)|})&limit=7000",88,1
Acute bacterial sinusitis (disorder),75498004,Acute sinusitis (disorder),15805002,Acute bacterial sinusitis (disorder),1,"(*):  ([1..1]{363698007|Finding site (attribute)| = <<2095001|Nasal sinus structure (body structure)|,116676008|Associated morphology (attribute)| = 4532008|Acute inflammation (morphologic abnormality)|} AND [1..1]{263502005|Clinical course (attribute)| = 424124008|Sudden onset AND/OR short duration (qualifier value)|})&limit=7000",10,1
Fracture of ankle (disorder),16114001,Fracture of ankle (disorder),16114001,Fracture of ankle,3,"(*):  ([1..1]{363698007|Finding site (attribute)| = <<33696004|Bone structure of ankle (body structure)|,116676008|Associated morphology (attribute)| = 72704001|Fracture (morphologic abnormality)|})&limit=7000",15,1
Well child visit (procedure),410620009,Child examination: eyes (procedure),170195005,Well child visit (procedure),0,"(*):  ([1..1]{260686004|Method (attribute)| = <<302199004|Examination - action (qualifier value)|,363704007|Procedure site (attribute)| = <<442083009|Anatomical or acquired body structure (body structure)|})&limit=7000",303,4
Brief general examination (procedure),162676008,Child examination: eyes (procedure),170195005,Brief general examination (procedure),0,"(*):  ([1..1]{260686004|Method (attribute)| = <<302199004|Examination - action (qualifier value)|,363704007|Procedure site (attribute)| = <<442083009|Anatomical or acquired body structure (body structure)|})&limit=7000",303,4
General examination of patient (procedure),162673000,Child examination: eyes (procedure),170195005,General examination of patient (procedure),0,"(*):  ([1..1]{260686004|Method (attribute)| = <<302199004|Examination - action (qualifier value)|,363704007|Procedure site (attribute)| = <<442083009|Anatomical or acquired body structure (body structure)|})&limit=7000",303,4
Physical examination procedure (procedure),5880005,Child examination: eyes (procedure),170195005,Physical exam following abortion,1,"(*):  ([1..1]{260686004|Method (attribute)| = <<302199004|Examination - action (qualifier value)|,363704007|Procedure site (attribute)| = <<442083009|Anatomical or acquired body structure (body structure)|})&limit=7000",303,4
Lumpectomy of breast (procedure),392021009,Simple mastectomy (procedure),172043006,Lumpectomy of breast (procedure),1,"(*):  ([1..1]{260686004|Method (attribute)| = 129304002|Excision - action (qualifier value)|,405813007|Procedure site - Direct (attribute)| = <<76752008|Breast structure (body structure)|})&limit=7000",84,2
Excision of breast tissue (procedure),69031006,Simple mastectomy (procedure),172043006,Excision of breast tissue (procedure),1,"(*):  ([1..1]{260686004|Method (attribute)| = 129304002|Excision - action (qualifier value)|,405813007|Procedure site - Direct (attribute)| = <<76752008|Breast structure (body structure)|})&limit=7000",84,2
Complete miscarriage (disorder),156073000,Miscarriage (disorder),17369002,Fetus with unknown complication,1,(*):  ([1..1]{363714003|Interprets (attribute)| = 364320009|Pregnancy observable (observable entity)|} AND [1..1]{42752001|Due to (attribute)| = 789750003|Spontaneous event (event)|})&limit=7000,94,2
Miscarriage in first trimester (disorder),19169002,Miscarriage (disorder),17369002,Miscarriage in first trimester,1,(*):  ([1..1]{363714003|Interprets (attribute)| = 364320009|Pregnancy observable (observable entity)|} AND [1..1]{42752001|Due to (attribute)| = 789750003|Spontaneous event (event)|})&limit=7000,94,2
Direct current cardioversion (procedure),180325003,Direct current cardioversion (procedure),180325003,Electrical cardioversion,1,"(*):  ([1..1]{260686004|Method (attribute)| = 360226008|Electrical discharge - action (qualifier value)|,405813007|Procedure site - Direct (attribute)| = <<80891009|Heart structure (body structure)|,424244007|Using energy (attribute)| = 256241002|Direct current (physical force)|} AND [1..1]{363702006|Has focus (attribute)| = 698247007|Cardiac arrhythmia (disorder)|})&limit=7000",15,1
Catheter ablation of tissue of heart (procedure),18286008,Catheter ablation of tissue of heart (procedure),18286008,Catheter ablation of tissue of heart,1,"(*):  ([1..1]{260686004|Method (attribute)| = 257729003|Ablation - action (qualifier value)|,405813007|Procedure site - Direct (attribute)| = <<80891009|Heart structure (body structure)|,424226004|Using device (attribute)| = 19923001|Catheter, device (physical object)|})&limit=7000",4,1
Chronic obstructive bronchitis (disorder),185086009,Chronic obstructive bronchitis (disorder),185086009,Chronic obstructive bronchitis (disorder),24,"(*):  ([1..1]{363698007|Finding site (attribute)| = <<955009|Bronchial structure (body structure)|,116676008|Associated morphology (attribute)| = 84499006|Chronic inflammation (morphologic abnormality)|} AND [1..1]{363698007|Finding site (attribute)| = <<955009|Bronchial structure (body structure)|,116676008|Associated morphology (attribute)| = 26036001|Obstruction (morphologic abnormality)|} AND [1..1]{263502005|Clinical course (attribute)| = 90734009|Chronic (qualifier value)|})&limit=7000",1,1
Epidural anesthesia (procedure),18946005,Epidural anesthesia (procedure),18946005,Epidural anesthesia,0,"(*):  ([1..1]{260686004|Method (attribute)| = 129326001|Injection - action (qualifier value)|,405814001|Procedure site - Indirect (attribute)| = 54092001|Structure of epidural space of spine (body structure)|,363701004|Direct substance (attribute)| = 373266007|Anesthetic (substance)|})&limit=7000",2,1
Total knee replacement (procedure),609588000,Arthroplasty of knee (procedure),19063003,Total knee replacement,6,"(*):  ([1..1]{260686004|Method (attribute)| = 257903006|Repair - action (qualifier value)|,405813007|Procedure site - Direct (attribute)| = <<49076000|Knee joint structure (body structure)|})&limit=7000",54,1
Cystic fibrosis (disorder),190905008,Cystic fibrosis (disorder),190905008,Cystic Fibrosis,*,"(*):  ([1..1]{363714003|Interprets (attribute)| = 63533009|Mucociliary clearance, function (observable entity)|,363713009|Has interpretation (attribute)| = 260379002|Impaired (qualifier value)|} AND [1..1]{363698007|Finding site (attribute)| = <<321667001|Respiratory tract structure (body structure)|,116676008|Associated morphology (attribute)| = 6920004|Defect (morphologic abnormality)|})&limit=7000",26,1
Primary fibromyalgia syndrome (disorder),95417003,Fibromyalgia (disorder),203082005,Primary fibromyalgia syndrome,*,(*):  ([1..1]{263502005|Clinical course (attribute)| = 90734009|Chronic (qualifier value)|} AND [1..1]{363698007|Finding site (attribute)| = <<71616004|Skeletal and/or smooth muscle structure (body structure)|})&limit=7000,21,1
Congenital uterine anomaly (disorder),37849005,Noonan's syndrome (disorder),205824006,Congenital uterine anomaly,0,"(*):  ([1..1]{246454002|Occurrence (attribute)| = 255399007|Congenital (qualifier value)|,116676008|Associated morphology (attribute)| = 49755003|Morphologically abnormal structure (morphologic abnormality)|,370135005|Pathological process (attribute)| = 308490002|Pathological developmental process (qualifier value)|})&limit=7000",1767,1
Fracture subluxation of wrist (disorder),263102004,Fracture at wrist and/or hand level (disorder),208388003,Fracture subluxation of wrist,2,"(*):  ([1..1]{363698007|Finding site (attribute)| = <<299706009|Bone structure of wrist and/or hand (body structure)|,116676008|Associated morphology (attribute)| = 72704001|Fracture (morphologic abnormality)|})&limit=7000",67,1
Myocardial infarction (disorder),22298006,Myocardial infarction (disorder),22298006,Myocardial Infarction,12,"(*):  ([1..1]{363698007|Finding site (attribute)| = <<74281007|Myocardium structure (body structure)|,116676008|Associated morphology (attribute)| = 55641003|Infarct (morphologic abnormality)|})&limit=7000",21,1
Vasectomy (procedure),22523008,Vasectomy (procedure),22523008,Vasectomy,1,"(*):  ([1..1]{260686004|Method (attribute)| = 129304002|Excision - action (qualifier value)|,405813007|Procedure site - Direct (attribute)| = <<57671007|Vas deferens structure (body structure)|})&limit=7000",10,1
Cerebrovascular accident (disorder),230690007,Cerebrovascular accident (disorder),230690007,Stroke,12,"(*):  ([1..1]{363698007|Finding site (attribute)| = <<12738006|Brain structure (body structure)|,116676008|Associated morphology (attribute)| = 37782003|Damage (morphologic abnormality)|} AND [1..1]{363698007|Finding site (attribute)| = <<28661005|Cerebrovascular system structure (body structure)|})&limit=7000",76,1
Chronic intractable migraine without aura (disorder),124171000119105,Menstrual migraine (disorder),23186000,Chronic intractable migraine without aura,0,(*):  ([1..1]{363698007|Finding site (attribute)| = <<280369009|Brain tissue structure (body structure)|} AND [1..1]{363698007|Finding site (attribute)| = <<281231009|Vascular structure of head (body structure)|})&limit=7000,40,1
Allergy to animal dander (finding),232347008,Allergy to animal dander (finding),232347008,Dander (animal) allergy,0,"(*):  ([1..1]{719722006|Has realization (attribute)| = 472964009|Allergic process (qualifier value)|,246075003|Causative agent (attribute)| = 264287008|Animal dander (substance)|})&limit=7000",1,1
Allergy to dust mite protein (finding),232350006,Allergy to dust mite protein (finding),232350006,House dust mite allergy,0,"(*):  ([1..1]{719722006|Has realization (attribute)| = 472964009|Allergic process (qualifier value)|,246075003|Causative agent (attribute)| = 720687003|Dust mite protein (substance)|})&limit=7000",1,1
Coronary artery bypass grafting (procedure),232717009,Coronary artery bypass grafting (procedure),232717009,Coronary artery bypass grafting,3,"(*):  ([1..1]{260686004|Method (attribute)| = 360021005|Bypass - action (qualifier value)|,405813007|Procedure site - Direct (attribute)| = <<41801008|Coronary artery structure (body structure)|})&limit=7000",67,1
Pneumonia (disorder),233604007,Pneumonia (disorder),233604007,Pneumonia,6,"(*):  ([1..1]{363698007|Finding site (attribute)| = <<39607008|Lung structure (body structure)|,116676008|Associated morphology (attribute)| = 707496003|Inflammation and consolidation (morphologic abnormality)|})&limit=7000",219,1
Childhood asthma (disorder),233678006,Childhood asthma (disorder),233678006,Childhood asthma,1,(*):  ([1..1]{246454002|Occurrence (attribute)| = 255398004|Childhood (qualifier value)|} AND [1..1]{363698007|Finding site (attribute)| = <<89187006|Airway structure (body structure)|})&limit=7000,3,1
Fracture subluxation of wrist (disorder),263102004,Fracture of upper limb (disorder),23406007,Fracture subluxation of wrist,2,"(*):  ([1..1]{363698007|Finding site (attribute)| = <<371195002|Bone structure of upper limb (body structure)|,116676008|Associated morphology (attribute)| = 72704001|Fracture (morphologic abnormality)|})&limit=7000",130,3
Fracture of forearm (disorder),65966004,Fracture of upper limb (disorder),23406007,Fracture of forearm,1,"(*):  ([1..1]{363698007|Finding site (attribute)| = <<371195002|Bone structure of upper limb (body structure)|,116676008|Associated morphology (attribute)| = 72704001|Fracture (morphologic abnormality)|})&limit=7000",130,3
Fracture of clavicle (disorder),58150001,Fracture of upper limb (disorder),23406007,Fracture of clavicle,6,"(*):  ([1..1]{363698007|Finding site (attribute)| = <<371195002|Bone structure of upper limb (body structure)|,116676008|Associated morphology (attribute)| = 72704001|Fracture (morphologic abnormality)|})&limit=7000",130,3
Gallbladder calculus (disorder),235919008,Gallbladder calculus (disorder),235919008,Cholelithiasis,1,"(*):  ([1..1]{363698007|Finding site (attribute)| = <<28231008|Gallbladder structure (body structure)|,116676008|Associated morphology (attribute)| = 56381008|Calculus (morphologic abnormality)|})&limit=7000",17,1
Partial resection of colon (procedure),43075005,Excision of colon (procedure),23968004,Partial resection of colon,1,"(*):  ([1..1]{260686004|Method (attribute)| = 129304002|Excision - action (qualifier value)|,405813007|Procedure site - Direct (attribute)| = <<71854001|Colon structure (body structure)|})&limit=7000",107,1
Atopic dermatitis (disorder),24079001,Atopic dermatitis (disorder),24079001,Atopic dermatitis,0,"(*):  ([1..1]{363698007|Finding site (attribute)| = <<39937001|Skin structure (body structure)|,116676008|Associated morphology (attribute)| = 409774005|Inflammatory morphology (morphologic abnormality)|} AND [1..1]{47429007|Associated with (attribute)| = 115665000|Atopy (finding)|})&limit=7000",37,1
Appendicitis (disorder),74400008,Inflammatory bowel disease (disorder),24526004,Appendicitis,1,"(*):  ([1..1]{363698007|Finding site (attribute)| = <<113276009|Intestinal structure (body structure)|,116676008|Associated morphology (attribute)| = 409774005|Inflammatory morphology (morphologic abnormality)|})&limit=7000",194,1
Protracted diarrhea (finding),236077008,Diarrhea and vomiting (finding),249519007,Protracted diarrhea,1,"(*):  ([1..1]{363714003|Interprets (attribute)| = 39211005|Bowel action (observable entity)|,363713009|Has interpretation (attribute)| = 18307000|Altered (qualifier value)|} AND [1..1]{363698007|Finding site (attribute)| = <<122865005|Gastrointestinal tract structure (body structure)|})&limit=7000",88,1
Malignant neoplasm of breast (disorder),254837009,Malignant neoplasm of breast (disorder),254837009,Malignant neoplasm of breast (disorder),1,"(*):  ([1..1]{363698007|Finding site (attribute)| = <<76752008|Breast structure (body structure)|,116676008|Associated morphology (attribute)| = 367651003|Malignant neoplasm of primary, secondary, or uncertain origin (morphologic abnormality)|})&limit=7000",22,1
Familial Alzheimer's disease of early onset (disorder),230265002,Alzheimer's disease (disorder),26929004,Familial Alzheimer's disease of early onset (disorder),*,"(*):  ([1..1]{363698007|Finding site (attribute)| = <<83678007|Structure of cerebrum (body structure)|,116676008|Associated morphology (attribute)| = 107669003|Degenerative abnormality (morphologic abnormality)|} AND [1..1]{363714003|Interprets (attribute)| = 311465003|Cognitive functions (observable entity)|,363713009|Has interpretation (attribute)| = 260379002|Impaired (qualifier value)|})&limit=7000",29,2
Alzheimer's disease (disorder),26929004,Alzheimer's disease (disorder),26929004,Alzheimer's disease (disorder),12,"(*):  ([1..1]{363698007|Finding site (attribute)| = <<83678007|Structure of cerebrum (body structure)|,116676008|Associated morphology (attribute)| = 107669003|Degenerative abnormality (morphologic abnormality)|} AND [1..1]{363714003|Interprets (attribute)| = 311465003|Cognitive functions (observable entity)|,363713009|Has interpretation (attribute)| = 260379002|Impaired (qualifier value)|})&limit=7000",29,2
Anemia (disorder),271737000,Anemia (disorder),271737000,Anemia (disorder),0,"(*):  ([1..1]{363714003|Interprets (attribute)| = 441689006|Measurement of total hemoglobin concentration (procedure)|,363713009|Has interpretation (attribute)| = <<281300000|Below reference range (qualifier value)|} AND [1..1]{363714003|Interprets (attribute)| = 14089001|Red blood cell count (procedure)|,363713009|Has interpretation (attribute)| = <<281300000|Below reference range (qualifier value)|})&limit=7000",531,1
Child attention deficit disorder (disorder),192127007,Developmental coordination disorder (disorder),27544004,Child attention deficit disorder,12,(*):  ([1..1]{370135005|Pathological process (attribute)| = 308490002|Pathological developmental process (qualifier value)|} AND [1..1]{363714003|Interprets (attribute)| = 364665006|Ability to perform function / activity (observable entity)|})&limit=7000,20,1
Viral sinusitis (disorder),444814009,Respiratory tract infection (disorder),275498002,Viral sinusitis (disorder),1,"(*):  ([1..1]{363698007|Finding site (attribute)| = <<20139000|Structure of respiratory system (body structure)|,370135005|Pathological process (attribute)| = 441862004|Infectious process (qualifier value)|})&limit=7000",407,4
Acute viral pharyngitis (disorder),195662009,Respiratory tract infection (disorder),275498002,Acute viral pharyngitis (disorder),1,"(*):  ([1..1]{363698007|Finding site (attribute)| = <<20139000|Structure of respiratory system (body structure)|,370135005|Pathological process (attribute)| = 441862004|Infectious process (qualifier value)|})&limit=7000",407,4
Acute bacterial sinusitis (disorder),75498004,Respiratory tract infection (disorder),275498002,Acute bacterial sinusitis (disorder),1,"(*):  ([1..1]{363698007|Finding site (attribute)| = <<20139000|Structure of respiratory system (body structure)|,370135005|Pathological process (attribute)| = 441862004|Infectious process (qualifier value)|})&limit=7000",407,4
Streptococcal sore throat (disorder),43878008,Respiratory tract infection (disorder),275498002,Streptococcal sore throat (disorder),1,"(*):  ([1..1]{363698007|Finding site (attribute)| = <<20139000|Structure of respiratory system (body structure)|,370135005|Pathological process (attribute)| = 441862004|Infectious process (qualifier value)|})&limit=7000",407,4
Bilateral tubal ligation (procedure),287664005,Bilateral tubal ligation (procedure),287664005,Bilateral tubal ligation,1,"(*):  ([1..1]{260686004|Method (attribute)| = 129369009|Ligation - action (qualifier value)|,405813007|Procedure site - Direct (attribute)| = <<113293009|Structure of left fallopian tube (body structure)|} AND [1..1]{260686004|Method (attribute)| = 129369009|Ligation - action (qualifier value)|,405813007|Procedure site - Direct (attribute)| = <<2033006|Structure of right fallopian tube (body structure)|})&limit=7000",16,1
Electrocardiographic procedure (procedure),29303009,Electrocardiographic procedure (procedure),29303009,Electrocardiographic procedure,0,"(*):  ([1..1]{260686004|Method (attribute)| = 129265001|Evaluation - action (qualifier value)|,405813007|Procedure site - Direct (attribute)| = <<80891009|Heart structure (body structure)|,424226004|Using device (attribute)| = 86184003|Electrocardiographic monitor and recorder, device (physical object)|})&limit=7000",12,1
Allergy to shellfish (finding),300913006,Allergy to shellfish (finding),300913006,Shellfish allergy,0,"(*):  ([1..1]{719722006|Has realization (attribute)| = 472964009|Allergic process (qualifier value)|,246075003|Causative agent (attribute)| = 735029006|Shellfish (substance)|})&limit=7000",1,1
Perennial allergic rhinitis (disorder),446096008,Non-allergic rhinitis (disorder),311000119101,Perennial allergic rhinitis,1,"(*):  ([1..1]{363698007|Finding site (attribute)| = <<34508005|Structure of mucous membrane of nose (body structure)|,116676008|Associated morphology (attribute)| = 409774005|Inflammatory morphology (morphologic abnormality)|})&limit=7000",49,3
Seasonal allergic rhinitis (disorder),367498001,Non-allergic rhinitis (disorder),311000119101,Seasonal allergic rhinitis,1,"(*):  ([1..1]{363698007|Finding site (attribute)| = <<34508005|Structure of mucous membrane of nose (body structure)|,116676008|Associated morphology (attribute)| = 409774005|Inflammatory morphology (morphologic abnormality)|})&limit=7000",49,3
Perennial allergic rhinitis with seasonal variation (disorder),232353008,Non-allergic rhinitis (disorder),311000119101,Perennial allergic rhinitis with seasonal variation,1,"(*):  ([1..1]{363698007|Finding site (attribute)| = <<34508005|Structure of mucous membrane of nose (body structure)|,116676008|Associated morphology (attribute)| = 409774005|Inflammatory morphology (morphologic abnormality)|})&limit=7000",49,3
Traumatic brain injury (disorder),127295002,Major head injury (disorder),314662007,Traumatic brain injury (disorder),2,"(*):  ([1..1]{363698007|Finding site (attribute)| = <<69536005|Head structure (body structure)|,116676008|Associated morphology (attribute)| = 37782003|Damage (morphologic abnormality)|} AND [1..1]{42752001|Due to (attribute)| = 773760007|Traumatic event (event)|})&limit=7000",129,1
Fracture of rib (disorder),33737001,Fracture of rib (disorder),33737001,Fracture of rib,2,"(*):  ([1..1]{363698007|Finding site (attribute)| = <<113197003|Bone structure of rib (body structure)|,116676008|Associated morphology (attribute)| = 72704001|Fracture (morphologic abnormality)|})&limit=7000",3,1
Administration of vaccine product containing only Bordetella pertussis and Clostridium tetani and Corynebacterium diphtheriae antigens (procedure),399014008,Administration of vaccine to produce active immunity (procedure),33879002,Vaccination for diphtheria pertussis and tetanus,0,"(*):  ([1..1]{260686004|Method (attribute)| = 129445006|Administration - action (qualifier value)|,363701004|Direct substance (attribute)| = <<787859002|Vaccine product (medicinal product)|})&limit=7000",243,1
Malignant neoplasm of colon (disorder),363406005,Malignant neoplasm of colon (disorder),363406005,Malignant tumor of colon,2,"(*):  ([1..1]{363698007|Finding site (attribute)| = <<71854001|Colon structure (body structure)|,116676008|Associated morphology (attribute)| = 367651003|Malignant neoplasm of primary, secondary, or uncertain origin (morphologic abnormality)|})&limit=7000",11,1
Combined chemotherapy and radiation therapy (procedure),703423002,Chemotherapy (procedure),367336001,Combined chemotherapy and radiation therapy (procedure),1,"(*):  ([1..1]{260686004|Method (attribute)| = 129445006|Administration - action (qualifier value)|,363701004|Direct substance (attribute)| = 410942007|Drug or medicament (substance)|} AND [1..1]{363703001|Has intent (attribute)| = 262202000|Therapeutic intent (qualifier value)|})&limit=7000",44,2
Chemotherapy (procedure),367336001,Chemotherapy (procedure),367336001,Chemotherapy (procedure),2,"(*):  ([1..1]{260686004|Method (attribute)| = 129445006|Administration - action (qualifier value)|,363701004|Direct substance (attribute)| = 410942007|Drug or medicament (substance)|} AND [1..1]{363703001|Has intent (attribute)| = 262202000|Therapeutic intent (qualifier value)|})&limit=7000",44,2
Viral sinusitis (disorder),444814009,Sinusitis (disorder),36971009,Viral sinusitis (disorder),1,"(*):  ([1..1]{363698007|Finding site (attribute)| = <<2095001|Nasal sinus structure (body structure)|,116676008|Associated morphology (attribute)| = 409774005|Inflammatory morphology (morphologic abnormality)|})&limit=7000",18,2
Sinusitis (disorder),36971009,Sinusitis (disorder),36971009,Sinusitis (disorder),1,"(*):  ([1..1]{363698007|Finding site (attribute)| = <<2095001|Nasal sinus structure (body structure)|,116676008|Associated morphology (attribute)| = 409774005|Inflammatory morphology (morphologic abnormality)|})&limit=7000",18,2
Concussion with loss of consciousness (disorder),62564004,Coma (disorder),371632003,Concussion with loss of consciousness,1,"(*):  ([1..1]{363698007|Finding site (attribute)| = <<25087005|Structure of nervous system (body structure)|} AND [1..1]{363714003|Interprets (attribute)| = 6942003|Level of consciousness (observable entity)|,363713009|Has interpretation (attribute)| = 1250004|Decreased (qualifier value)|})&limit=7000",83,1
Laparoscopic cholecystectomy (procedure),45595009,Cholecystectomy (procedure),38102005,Laparoscopic Removal of Gall Bladder,1,"(*):  ([1..1]{260686004|Method (attribute)| = 129304002|Excision - action (qualifier value)|,405813007|Procedure site - Direct (attribute)| = <<28231008|Gallbladder structure (body structure)|})&limit=7000",17,2
Cholecystectomy (procedure),38102005,Cholecystectomy (procedure),38102005,Open Removal of Gall Bladder,1,"(*):  ([1..1]{260686004|Method (attribute)| = 129304002|Excision - action (qualifier value)|,405813007|Procedure site - Direct (attribute)| = <<28231008|Gallbladder structure (body structure)|})&limit=7000",17,2
Pre-eclampsia (disorder),398254007,"Hypertensive disorder, systemic arterial (disorder)",38341003,Preeclampsia,1,"(*):  ([1..1]{363714003|Interprets (attribute)| = 75367002|Blood pressure (observable entity)|,363713009|Has interpretation (attribute)| = 35105006|Increased (qualifier value)|} AND [1..1]{363698007|Finding site (attribute)| = <<51840005|Systemic circulatory system structure (body structure)|})&limit=7000",129,2
Essential hypertension (disorder),59621000,"Hypertensive disorder, systemic arterial (disorder)",38341003,Hypertension,0,"(*):  ([1..1]{363714003|Interprets (attribute)| = 75367002|Blood pressure (observable entity)|,363713009|Has interpretation (attribute)| = 35105006|Increased (qualifier value)|} AND [1..1]{363698007|Finding site (attribute)| = <<51840005|Systemic circulatory system structure (body structure)|})&limit=7000",129,2
Familial Alzheimer's disease of early onset (disorder),230265002,Mild cognitive disorder (disorder),386805003,Familial Alzheimer's disease of early onset (disorder),*,"(*):  ([1..1]{363714003|Interprets (attribute)| = 311465003|Cognitive functions (observable entity)|,363713009|Has interpretation (attribute)| = 260379002|Impaired (qualifier value)|} AND [1..1]{363698007|Finding site (attribute)| = <<12738006|Brain structure (body structure)|})&limit=7000",158,2
Alzheimer's disease (disorder),26929004,Mild cognitive disorder (disorder),386805003,Alzheimer's disease (disorder),12,"(*):  ([1..1]{363714003|Interprets (attribute)| = 311465003|Cognitive functions (observable entity)|,363713009|Has interpretation (attribute)| = 260379002|Impaired (qualifier value)|} AND [1..1]{363698007|Finding site (attribute)| = <<12738006|Brain structure (body structure)|})&limit=7000",158,2
Cystitis (disorder),38822007,Cystitis (disorder),38822007,Cystitis,0,"(*):  ([1..1]{363698007|Finding site (attribute)| = <<89837001|Urinary bladder structure (body structure)|,116676008|Associated morphology (attribute)| = 409774005|Inflammatory morphology (morphologic abnormality)|})&limit=7000",34,1
Osteoarthritis of knee (disorder),239873007,Osteoarthritis (disorder),396275006,Osteoarthritis of knee,12,"(*):  ([1..1]{363698007|Finding site (attribute)| = <<39352004|Joint structure (body structure)|,116676008|Associated morphology (attribute)| = 107669003|Degenerative abnormality (morphologic abnormality)|})&limit=7000",219,3
Osteoarthritis of hip (disorder),239872002,Osteoarthritis (disorder),396275006,Osteoarthritis of hip,12,"(*):  ([1..1]{363698007|Finding site (attribute)| = <<39352004|Joint structure (body structure)|,116676008|Associated morphology (attribute)| = 107669003|Degenerative abnormality (morphologic abnormality)|})&limit=7000",219,3
"Localized, primary osteoarthritis of the hand (disorder)",201834006,Osteoarthritis (disorder),396275006,Localized primary osteoarthritis of the hand,1,"(*):  ([1..1]{363698007|Finding site (attribute)| = <<39352004|Joint structure (body structure)|,116676008|Associated morphology (attribute)| = 107669003|Degenerative abnormality (morphologic abnormality)|})&limit=7000",219,3
Peripheral blood smear interpretation (procedure),14768001,Blood test (procedure),396550006,Peripheral blood smear interpretation,0,(*):  ([1..1]{116686009|Has specimen (attribute)| = <<119297000|Blood specimen (specimen)|} AND [1..1]{260686004|Method (attribute)| = 129265001|Evaluation - action (qualifier value)|})&limit=7000,29,1
Whiplash injury to neck (disorder),39848009,Whiplash injury to neck (disorder),39848009,Whiplash injury to neck,3,"(*):  ([1..1]{363698007|Finding site (attribute)| = <<45048000|Neck structure (body structure)|,116676008|Associated morphology (attribute)| = 37782003|Damage (morphologic abnormality)|} AND [1..1]{42752001|Due to (attribute)| = 773760007|Traumatic event (event)|})&limit=7000",105,1
Construction of diverting colostomy (procedure),387607004,Colostomy (procedure),398740003,Construction of diverting colostomy,1,"(*):  ([1..1]{260686004|Method (attribute)| = 129376004|Construction - action (qualifier value)|,405813007|Procedure site - Direct (attribute)| = <<71854001|Colon structure (body structure)|,363700003|Direct morphology (attribute)| = 264585001|Colostomy - stoma (morphologic abnormality)|})&limit=7000",28,1
Sprain of wrist (disorder),70704007,Sprain of ligament (disorder),398878007,Sprain of wrist,1,"(*):  ([1..1]{363698007|Finding site (attribute)| = <<52082005|Structure of ligament (body structure)|,116676008|Associated morphology (attribute)| = 384709000|Sprain (morphologic abnormality)|} AND [1..1]{42752001|Due to (attribute)| = 773760007|Traumatic event (event)|})&limit=7000",128,2
Sprain of ankle (disorder),44465007,Sprain of ligament (disorder),398878007,Sprain of ankle,2,"(*):  ([1..1]{363698007|Finding site (attribute)| = <<52082005|Structure of ligament (body structure)|,116676008|Associated morphology (attribute)| = 384709000|Sprain (morphologic abnormality)|} AND [1..1]{42752001|Due to (attribute)| = 773760007|Traumatic event (event)|})&limit=7000",128,2
Contact dermatitis (disorder),40275004,Contact dermatitis (disorder),40275004,Contact dermatitis,0,"(*):  ([1..1]{363698007|Finding site (attribute)| = <<39937001|Skin structure (body structure)|,116676008|Associated morphology (attribute)| = 409774005|Inflammatory morphology (morphologic abnormality)|,370135005|Pathological process (attribute)| = 769258001|Contact hypersensitivity process (qualifier value)|})&limit=7000",67,1
Epidermal burn of skin (disorder),403190006,Epidermal burn of skin (disorder),403190006,First degree burn,1,"(*):  ([1..1]{363698007|Finding site (attribute)| = <<39937001|Skin structure (body structure)|,116676008|Associated morphology (attribute)| = 77140003|First degree burn injury (morphologic abnormality)|} AND [1..1]{42752001|Due to (attribute)| = 773760007|Traumatic event (event)|})&limit=7000",86,1
Partial thickness burn (disorder),403191005,Partial thickness burn (disorder),403191005,Second degree burn,1,"(*):  ([1..1]{363698007|Finding site (attribute)| = <<39937001|Skin structure (body structure)|,116676008|Associated morphology (attribute)| = 46541008|Second degree burn injury (morphologic abnormality)|} AND [1..1]{42752001|Due to (attribute)| = 773760007|Traumatic event (event)|})&limit=7000",90,1
Full thickness burn (disorder),403192003,Full thickness burn (disorder),403192003,Third degree burn,2,"(*):  ([1..1]{363698007|Finding site (attribute)| = <<127856007|Skin and/or subcutaneous tissue structure (body structure)|,116676008|Associated morphology (attribute)| = 80247002|Third degree burn injury (morphologic abnormality)|} AND [1..1]{42752001|Due to (attribute)| = 773760007|Traumatic event (event)|})&limit=7000",115,1
Child attention deficit disorder (disorder),192127007,Attention deficit hyperactivity disorder (disorder),406506008,Child attention deficit disorder,12,(*):  ([1..1]{370135005|Pathological process (attribute)| = 308490002|Pathological developmental process (qualifier value)|} AND [1..1]{363714003|Interprets (attribute)| = 364665006|Ability to perform function / activity (observable entity)|})&limit=7000,20,1
Transthoracic three dimensional ultrasonography of heart (procedure),434158009,Echocardiography (procedure),40701008,Transthoracic three dimensional ultrasonography of heart (procedure),0,"(*):  ([1..1]{260686004|Method (attribute)| = <<278292003|Ultrasound imaging - action (qualifier value)|,405813007|Procedure site - Direct (attribute)| = <<80891009|Heart structure (body structure)|})&limit=7000",56,3
Transthoracic echocardiography (procedure),433236007,Echocardiography (procedure),40701008,Transthoracic echocardiography,0,"(*):  ([1..1]{260686004|Method (attribute)| = <<278292003|Ultrasound imaging - action (qualifier value)|,405813007|Procedure site - Direct (attribute)| = <<80891009|Heart structure (body structure)|})&limit=7000",56,3
Echocardiography (procedure),40701008,Echocardiography (procedure),40701008,Echocardiography (procedure),0,"(*):  ([1..1]{260686004|Method (attribute)| = <<278292003|Ultrasound imaging - action (qualifier value)|,405813007|Procedure site - Direct (attribute)| = <<80891009|Heart structure (body structure)|})&limit=7000",56,3
Allergy to wheat (finding),420174000,Allergy to wheat (finding),420174000,Allergy to wheat,0,"(*):  ([1..1]{719722006|Has realization (attribute)| = 472964009|Allergic process (qualifier value)|,246075003|Causative agent (attribute)| = 412071004|Wheat (substance)|})&limit=7000",1,1
Contact dermatitis (disorder),40275004,Eczema (disorder),43116000,Contact dermatitis,0,"(*):  ([1..1]{363698007|Finding site (attribute)| = <<39937001|Skin structure (body structure)|,116676008|Associated morphology (attribute)| = 409774005|Inflammatory morphology (morphologic abnormality)|})&limit=7000",625,2
Atopic dermatitis (disorder),24079001,Eczema (disorder),43116000,Atopic dermatitis,0,"(*):  ([1..1]{363698007|Finding site (attribute)| = <<39937001|Skin structure (body structure)|,116676008|Associated morphology (attribute)| = 409774005|Inflammatory morphology (morphologic abnormality)|})&limit=7000",625,2
Otitis media (disorder),65363002,Otitis (disorder),43275000,Otitis media,1,"(*):  ([1..1]{363698007|Finding site (attribute)| = <<117590005|Ear structure (body structure)|,116676008|Associated morphology (attribute)| = 409774005|Inflammatory morphology (morphologic abnormality)|})&limit=7000",62,1
Streptococcal sore throat (disorder),43878008,Streptococcal sore throat (disorder),43878008,Streptococcal sore throat (disorder),1,"(*):  ([1..1]{363698007|Finding site (attribute)| = <<54066008|Pharyngeal structure (body structure)|,116676008|Associated morphology (attribute)| = 409774005|Inflammatory morphology (morphologic abnormality)|,370135005|Pathological process (attribute)| = 441862004|Infectious process (qualifier value)|,246075003|Causative agent (attribute)| = 58800005|Genus Streptococcus (organism)|})&limit=7000",2,1
Injury of anterior cruciate ligament (disorder),444470001,Injury of anterior cruciate ligament (disorder),444470001,Injury of anterior cruciate ligament,2,"(*):  ([1..1]{363698007|Finding site (attribute)| = <<895007|Structure of anterior cruciate ligament of knee joint (body structure)|,116676008|Associated morphology (attribute)| = 37782003|Damage (morphologic abnormality)|} AND [1..1]{42752001|Due to (attribute)| = 773760007|Traumatic event (event)|})&limit=7000",2,1
Chronic intractable migraine without aura (disorder),124171000119105,Migraine with aura (disorder),4473006,Chronic intractable migraine without aura,0,(*):  ([1..1]{363698007|Finding site (attribute)| = <<280369009|Brain tissue structure (body structure)|} AND [1..1]{363698007|Finding site (attribute)| = <<281231009|Vascular structure of head (body structure)|})&limit=7000,40,1
Chronic kidney disease stage 3 (disorder),433144002,End-stage renal disease (disorder),46177005,Chronic kidney disease stage 3 (disorder),12,"(*):  ([1..1]{363714003|Interprets (attribute)| = 441915005|Measurement of renal function (procedure)|,363713009|Has interpretation (attribute)| = 260379002|Impaired (qualifier value)|} AND [1..1]{363698007|Finding site (attribute)| = <<64033007|Kidney structure (body structure)|} AND [1..1]{263502005|Clinical course (attribute)| = 90734009|Chronic (qualifier value)|})&limit=7000",95,3
Chronic kidney disease stage 2 (disorder),431856006,End-stage renal disease (disorder),46177005,Chronic kidney disease stage 2 (disorder),12,"(*):  ([1..1]{363714003|Interprets (attribute)| = 441915005|Measurement of renal function (procedure)|,363713009|Has interpretation (attribute)| = 260379002|Impaired (qualifier value)|} AND [1..1]{363698007|Finding site (attribute)| = <<64033007|Kidney structure (body structure)|} AND [1..1]{263502005|Clinical course (attribute)| = 90734009|Chronic (qualifier value)|})&limit=7000",95,3
Chronic kidney disease stage 1 (disorder),431855005,End-stage renal disease (disorder),46177005,Chronic kidney disease stage 1 (disorder),12,"(*):  ([1..1]{363714003|Interprets (attribute)| = 441915005|Measurement of renal function (procedure)|,363713009|Has interpretation (attribute)| = 260379002|Impaired (qualifier value)|} AND [1..1]{363698007|Finding site (attribute)| = <<64033007|Kidney structure (body structure)|} AND [1..1]{263502005|Clinical course (attribute)| = 90734009|Chronic (qualifier value)|})&limit=7000",95,3
Fracture of ankle (disorder),16114001,Fracture of lower limb (disorder),46866001,Fracture of ankle,3,"(*):  ([1..1]{363698007|Finding site (attribute)| = <<72001000|Bone structure of lower limb (body structure)|,116676008|Associated morphology (attribute)| = 72704001|Fracture (morphologic abnormality)|})&limit=7000",104,1
Well child visit (procedure),410620009,Blood pressure taking (procedure),46973005,Well child visit (procedure),0,"(*):  ([1..1]{260686004|Method (attribute)| = <<302199004|Examination - action (qualifier value)|,363704007|Procedure site (attribute)| = <<442083009|Anatomical or acquired body structure (body structure)|})&limit=7000",303,4
Brief general examination (procedure),162676008,Blood pressure taking (procedure),46973005,Brief general examination (procedure),0,"(*):  ([1..1]{260686004|Method (attribute)| = <<302199004|Examination - action (qualifier value)|,363704007|Procedure site (attribute)| = <<442083009|Anatomical or acquired body structure (body structure)|})&limit=7000",303,4
General examination of patient (procedure),162673000,Blood pressure taking (procedure),46973005,General examination of patient (procedure),0,"(*):  ([1..1]{260686004|Method (attribute)| = <<302199004|Examination - action (qualifier value)|,363704007|Procedure site (attribute)| = <<442083009|Anatomical or acquired body structure (body structure)|})&limit=7000",303,4
Physical examination procedure (procedure),5880005,Blood pressure taking (procedure),46973005,Physical exam following abortion,1,"(*):  ([1..1]{260686004|Method (attribute)| = <<302199004|Examination - action (qualifier value)|,363704007|Procedure site (attribute)| = <<442083009|Anatomical or acquired body structure (body structure)|})&limit=7000",303,4
Posttraumatic stress disorder (disorder),47505003,Posttraumatic stress disorder (disorder),47505003,Posttraumatic stress disorder,2,(*):  ([1..1]{363714003|Interprets (attribute)| = 285854004|Emotion (observable entity)|} AND [1..1]{42752001|Due to (attribute)| = 773760007|Traumatic event (event)|} AND [1..1]{116676008|Associated morphology (attribute)| = 37782003|Damage (morphologic abnormality)|} AND [1..1]{255234002|After (attribute)| = 773760007|Traumatic event (event)|})&limit=7000,9,1
Incision of trachea (procedure),48387007,Incision of trachea (procedure),48387007,Incision of trachea (procedure),1,"(*):  ([1..1]{260686004|Method (attribute)| = 129287005|Incision - action (qualifier value)|,405813007|Procedure site - Direct (attribute)| = <<44567001|Tracheal structure (body structure)|})&limit=7000",5,1
Familial Alzheimer's disease of early onset (disorder),230265002,Dementia (disorder),52448006,Familial Alzheimer's disease of early onset (disorder),*,"(*):  ([1..1]{363714003|Interprets (attribute)| = 311465003|Cognitive functions (observable entity)|,363713009|Has interpretation (attribute)| = 260379002|Impaired (qualifier value)|} AND [1..1]{363698007|Finding site (attribute)| = <<12738006|Brain structure (body structure)|})&limit=7000",158,2
Alzheimer's disease (disorder),26929004,Dementia (disorder),52448006,Alzheimer's disease (disorder),12,"(*):  ([1..1]{363714003|Interprets (attribute)| = 311465003|Cognitive functions (observable entity)|,363713009|Has interpretation (attribute)| = 260379002|Impaired (qualifier value)|} AND [1..1]{363698007|Finding site (attribute)| = <<12738006|Brain structure (body structure)|})&limit=7000",158,2
Coronary arteriosclerosis (disorder),53741008,Coronary arteriosclerosis (disorder),53741008,Coronary Heart Disease,3,"(*):  ([1..1]{363698007|Finding site (attribute)| = <<41801008|Coronary artery structure (body structure)|,116676008|Associated morphology (attribute)| = 28960008|Arteriosclerosis (morphologic abnormality)|})&limit=7000",31,1
Electroencephalogram (procedure),54550000,Electroencephalogram (procedure),54550000,Seizure Count Cerebral Cortex Electroencephalogram (EEG),0,"(*):  ([1..1]{260686004|Method (attribute)| = 129265001|Evaluation - action (qualifier value)|,405813007|Procedure site - Direct (attribute)| = <<21483005|Structure of central nervous system (body structure)|} AND [1..1]{363703001|Has intent (attribute)| = 261004008|Diagnostic intent (qualifier value)|})&limit=7000",51,1
Fracture of clavicle (disorder),58150001,Fracture of clavicle (disorder),58150001,Fracture of clavicle,6,"(*):  ([1..1]{363698007|Finding site (attribute)| = <<51299004|Bone structure of clavicle (body structure)|,116676008|Associated morphology (attribute)| = 72704001|Fracture (morphologic abnormality)|})&limit=7000",6,1
Perennial allergic rhinitis (disorder),446096008,Allergic rhinitis (disorder),61582004,Perennial allergic rhinitis,1,"(*):  ([1..1]{363698007|Finding site (attribute)| = <<34508005|Structure of mucous membrane of nose (body structure)|,116676008|Associated morphology (attribute)| = 409774005|Inflammatory morphology (morphologic abnormality)|} AND [1..1]{363698007|Finding site (attribute)| = <<442083009|Anatomical or acquired body structure (body structure)|,116676008|Associated morphology (attribute)| = 49755003|Morphologically abnormal structure (morphologic abnormality)|,370135005|Pathological process (attribute)| = 769260004|Immunoglobulin E-mediated allergic process (qualifier value)|} AND [1..1]{42752001|Due to (attribute)| = 55985003|Atopic reaction (disorder)|})&limit=7000",31,3
Seasonal allergic rhinitis (disorder),367498001,Allergic rhinitis (disorder),61582004,Seasonal allergic rhinitis,1,"(*):  ([1..1]{363698007|Finding site (attribute)| = <<34508005|Structure of mucous membrane of nose (body structure)|,116676008|Associated morphology (attribute)| = 409774005|Inflammatory morphology (morphologic abnormality)|} AND [1..1]{363698007|Finding site (attribute)| = <<442083009|Anatomical or acquired body structure (body structure)|,116676008|Associated morphology (attribute)| = 49755003|Morphologically abnormal structure (morphologic abnormality)|,370135005|Pathological process (attribute)| = 769260004|Immunoglobulin E-mediated allergic process (qualifier value)|} AND [1..1]{42752001|Due to (attribute)| = 55985003|Atopic reaction (disorder)|})&limit=7000",31,3
Perennial allergic rhinitis with seasonal variation (disorder),232353008,Allergic rhinitis (disorder),61582004,Perennial allergic rhinitis with seasonal variation,1,"(*):  ([1..1]{363698007|Finding site (attribute)| = <<34508005|Structure of mucous membrane of nose (body structure)|,116676008|Associated morphology (attribute)| = 409774005|Inflammatory morphology (morphologic abnormality)|} AND [1..1]{363698007|Finding site (attribute)| = <<442083009|Anatomical or acquired body structure (body structure)|,116676008|Associated morphology (attribute)| = 49755003|Morphologically abnormal structure (morphologic abnormality)|,370135005|Pathological process (attribute)| = 769260004|Immunoglobulin E-mediated allergic process (qualifier value)|} AND [1..1]{42752001|Due to (attribute)| = 55985003|Atopic reaction (disorder)|})&limit=7000",31,3
Protracted diarrhea (finding),236077008,Diarrhea (finding),62315008,Protracted diarrhea,1,"(*):  ([1..1]{363714003|Interprets (attribute)| = 39211005|Bowel action (observable entity)|,363713009|Has interpretation (attribute)| = 18307000|Altered (qualifier value)|} AND [1..1]{363698007|Finding site (attribute)| = <<122865005|Gastrointestinal tract structure (body structure)|})&limit=7000",88,1
Acute cholecystitis (disorder),65275009,Acute cholecystitis (disorder),65275009,Acute Cholecystitis,1,"(*):  ([1..1]{363698007|Finding site (attribute)| = <<28231008|Gallbladder structure (body structure)|,116676008|Associated morphology (attribute)| = 4532008|Acute inflammation (morphologic abnormality)|} AND [1..1]{263502005|Clinical course (attribute)| = 424124008|Sudden onset AND/OR short duration (qualifier value)|})&limit=7000",13,1
Otitis media (disorder),65363002,Otitis media (disorder),65363002,Otitis media,1,"(*):  ([1..1]{363698007|Finding site (attribute)| = <<25342003|Middle ear structure (body structure)|,116676008|Associated morphology (attribute)| = 409774005|Inflammatory morphology (morphologic abnormality)|})&limit=7000",20,1
Extraction of wisdom tooth (procedure),65546002,Extraction of wisdom tooth (procedure),65546002,Extraction of wisdom tooth,1,"(*):  ([1..1]{260686004|Method (attribute)| = 129415008|Extraction - action (qualifier value)|,405813007|Procedure site - Direct (attribute)| = <<59966007|Structure of permanent third molar tooth (body structure)|})&limit=7000",1,1
Female infertility due to cystic fibrosis (disorder),707577004,Female infertility (disorder),6738008,Female Infertility,0,(*):  ([1..1]{363698007|Finding site (attribute)| = <<53065001|Female genital structure (body structure)|} AND [1..1]{363714003|Interprets (attribute)| = 66523006|Female reproductive function (observable entity)|})&limit=7000,99,1
Polyp of colon (disorder),68496003,Polyp of colon (disorder),68496003,Polyp of colon,1,"(*):  ([1..1]{363698007|Finding site (attribute)| = <<71854001|Colon structure (body structure)|,116676008|Associated morphology (attribute)| = 41329004|Polyp (morphologic abnormality)|})&limit=7000",10,1
Escherichia coli urinary tract infection (disorder),301011002,Urinary tract infectious disease (disorder),68566005,Escherichia coli urinary tract infection,0,"(*):  ([1..1]{363698007|Finding site (attribute)| = <<122489005|Urinary system structure (body structure)|,370135005|Pathological process (attribute)| = 441862004|Infectious process (qualifier value)|})&limit=7000",132,3
Recurrent urinary tract infection (disorder),197927001,Urinary tract infectious disease (disorder),68566005,Recurrent urinary tract infection,1,"(*):  ([1..1]{363698007|Finding site (attribute)| = <<122489005|Urinary system structure (body structure)|,370135005|Pathological process (attribute)| = 441862004|Infectious process (qualifier value)|})&limit=7000",132,3
Pyelonephritis (disorder),45816000,Urinary tract infectious disease (disorder),68566005,Pyelonephritis,0,"(*):  ([1..1]{363698007|Finding site (attribute)| = <<122489005|Urinary system structure (body structure)|,370135005|Pathological process (attribute)| = 441862004|Infectious process (qualifier value)|})&limit=7000",132,3
Lumpectomy of breast (procedure),392021009,Excision of breast tissue (procedure),69031006,Lumpectomy of breast (procedure),1,"(*):  ([1..1]{260686004|Method (attribute)| = 129304002|Excision - action (qualifier value)|,405813007|Procedure site - Direct (attribute)| = <<76752008|Breast structure (body structure)|})&limit=7000",84,2
Excision of breast tissue (procedure),69031006,Excision of breast tissue (procedure),69031006,Excision of breast tissue (procedure),1,"(*):  ([1..1]{260686004|Method (attribute)| = 129304002|Excision - action (qualifier value)|,405813007|Procedure site - Direct (attribute)| = <<76752008|Breast structure (body structure)|})&limit=7000",84,2
Rheumatoid arthritis (disorder),69896004,Rheumatoid arthritis (disorder),69896004,Rheumatoid arthritis,*,"(*):  ([1..1]{363698007|Finding site (attribute)| = <<39352004|Joint structure (body structure)|,116676008|Associated morphology (attribute)| = 34248003|Rheumatic inflammation (morphologic abnormality)|,370135005|Pathological process (attribute)| = 263680009|Autoimmune process (qualifier value)|})&limit=7000",60,1
Chronic kidney disease stage 3 (disorder),433144002,Chronic kidney disease (disorder),709044004,Chronic kidney disease stage 3 (disorder),12,"(*):  ([1..1]{363714003|Interprets (attribute)| = 441915005|Measurement of renal function (procedure)|,363713009|Has interpretation (attribute)| = 260379002|Impaired (qualifier value)|} AND [1..1]{363698007|Finding site (attribute)| = <<64033007|Kidney structure (body structure)|} AND [1..1]{263502005|Clinical course (attribute)| = 90734009|Chronic (qualifier value)|})&limit=7000",95,3
Chronic kidney disease stage 2 (disorder),431856006,Chronic kidney disease (disorder),709044004,Chronic kidney disease stage 2 (disorder),12,"(*):  ([1..1]{363714003|Interprets (attribute)| = 441915005|Measurement of renal function (procedure)|,363713009|Has interpretation (attribute)| = 260379002|Impaired (qualifier value)|} AND [1..1]{363698007|Finding site (attribute)| = <<64033007|Kidney structure (body structure)|} AND [1..1]{263502005|Clinical course (attribute)| = 90734009|Chronic (qualifier value)|})&limit=7000",95,3
Chronic kidney disease stage 1 (disorder),431855005,Chronic kidney disease (disorder),709044004,Chronic kidney disease stage 1 (disorder),12,"(*):  ([1..1]{363714003|Interprets (attribute)| = 441915005|Measurement of renal function (procedure)|,363713009|Has interpretation (attribute)| = 260379002|Impaired (qualifier value)|} AND [1..1]{363698007|Finding site (attribute)| = <<64033007|Kidney structure (body structure)|} AND [1..1]{263502005|Clinical course (attribute)| = 90734009|Chronic (qualifier value)|})&limit=7000",95,3
Injury of tendon of the rotator cuff of shoulder (disorder),307731004,Injury of rotator cuff (disorder),718539004,Injury of tendon of the rotator cuff of shoulder,2,"(*):  ([1..1]{363698007|Finding site (attribute)| = <<7885001|Structure of rotator cuff including muscles and tendons (body structure)|,116676008|Associated morphology (attribute)| = 37782003|Damage (morphologic abnormality)|})&limit=7000",5,1
Coronary arteriosclerosis (disorder),53741008,Arteriosclerotic vascular disease (disorder),72092001,Coronary Heart Disease,3,"(*):  ([1..1]{363698007|Finding site (attribute)| = <<51114001|Arterial structure (body structure)|,116676008|Associated morphology (attribute)| = 28960008|Arteriosclerosis (morphologic abnormality)|})&limit=7000",46,1
Colonoscopy (procedure),73761001,Colonoscopy (procedure),73761001,Colonoscopy,1,"(*):  ([1..1]{260686004|Method (attribute)| = 129433002|Inspection - action (qualifier value)|,405813007|Procedure site - Direct (attribute)| = <<71854001|Colon structure (body structure)|,424226004|Using device (attribute)| = 90412006|Colonoscope, device (physical object)|})&limit=7000",18,1
Appendicitis (disorder),74400008,Appendicitis (disorder),74400008,Appendicitis,1,"(*):  ([1..1]{363698007|Finding site (attribute)| = <<66754008|Appendix structure (body structure)|,116676008|Associated morphology (attribute)| = 409774005|Inflammatory morphology (morphologic abnormality)|})&limit=7000",10,1
Percutaneous mechanical thrombectomy of portal vein using fluoroscopic guidance with contrast (procedure),433112001,Angiography (procedure),77343006,Percutaneous mechanical thrombectomy of portal vein using fluoroscopic guidance,1,"(*):  ([1..1]{260686004|Method (attribute)| = <<360037004|Imaging - action (qualifier value)|,405813007|Procedure site - Direct (attribute)| = <<59820001|Blood vessel structure (body structure)|})&limit=7000",1350,1
Chronic intractable migraine without aura (disorder),124171000119105,Retinal migraine (disorder),79267007,Chronic intractable migraine without aura,0,(*):  ([1..1]{363698007|Finding site (attribute)| = <<280369009|Brain tissue structure (body structure)|} AND [1..1]{363698007|Finding site (attribute)| = <<281231009|Vascular structure of head (body structure)|})&limit=7000,40,1
Excision of appendix (procedure),80146002,Excision of appendix (procedure) ,80146002,Appendectomy,1,"(*):  ([1..1]{260686004|Method (attribute)| = 129304002|Excision - action (qualifier value)|,405813007|Procedure site - Direct (attribute)| = <<66754008|Appendix structure (body structure)|})&limit=7000",13,1
Contact dermatitis (disorder),40275004,Nummular eczema (disorder),81418003,Contact dermatitis,0,"(*):  ([1..1]{363698007|Finding site (attribute)| = <<39937001|Skin structure (body structure)|,116676008|Associated morphology (attribute)| = 409774005|Inflammatory morphology (morphologic abnormality)|})&limit=7000",625,2
Atopic dermatitis (disorder),24079001,Nummular eczema (disorder),81418003,Atopic dermatitis,0,"(*):  ([1..1]{363698007|Finding site (attribute)| = <<39937001|Skin structure (body structure)|,116676008|Associated morphology (attribute)| = 409774005|Inflammatory morphology (morphologic abnormality)|})&limit=7000",625,2
Cerebrovascular accident (disorder),230690007,Injury of head (disorder),82271004,Stroke,12,"(*):  ([1..1]{363698007|Finding site (attribute)| = <<69536005|Head structure (body structure)|,116676008|Associated morphology (attribute)| = 37782003|Damage (morphologic abnormality)|})&limit=7000",303,2
Traumatic brain injury (disorder),127295002,Injury of head (disorder),82271004,Traumatic brain injury (disorder),2,"(*):  ([1..1]{363698007|Finding site (attribute)| = <<69536005|Head structure (body structure)|,116676008|Associated morphology (attribute)| = 37782003|Damage (morphologic abnormality)|})&limit=7000",303,2
Viral sinusitis (disorder),444814009,Common cold (disorder),82272006,Viral sinusitis (disorder),1,"(*):  ([1..1]{363698007|Finding site (attribute)| = <<58675001|Upper respiratory tract structure (body structure)|,370135005|Pathological process (attribute)| = 441862004|Infectious process (qualifier value)|,246075003|Causative agent (attribute)| = 49872002|Virus (organism)|})&limit=7000",12,2
Acute viral pharyngitis (disorder),195662009,Common cold (disorder),82272006,Acute viral pharyngitis (disorder),1,"(*):  ([1..1]{363698007|Finding site (attribute)| = <<58675001|Upper respiratory tract structure (body structure)|,370135005|Pathological process (attribute)| = 441862004|Infectious process (qualifier value)|,246075003|Causative agent (attribute)| = 49872002|Virus (organism)|})&limit=7000",12,2
Single lung transplant (procedure),232657004,Transplant of lung (procedure),88039007,Lung Transplant,12,"(*):  ([1..1]{260686004|Method (attribute)| = 410820007|Surgical transplantation - action (qualifier value)|,405813007|Procedure site - Direct (attribute)| = <<39607008|Lung structure (body structure)|,363701004|Direct substance (attribute)| = 421525000|Lung graft - material (substance)|})&limit=7000",5,2
Transplant of lung (procedure),88039007,Transplant of lung (procedure),88039007,Transplant of lung (procedure),12,"(*):  ([1..1]{260686004|Method (attribute)| = 410820007|Surgical transplantation - action (qualifier value)|,405813007|Procedure site - Direct (attribute)| = <<39607008|Lung structure (body structure)|,363701004|Direct substance (attribute)| = 421525000|Lung graft - material (substance)|})&limit=7000",5,2
Prostatectomy (procedure),90470006,Transurethral prostatectomy (procedure),90199006,Prostatectomy,1,"(*):  ([1..1]{260686004|Method (attribute)| = 129304002|Excision - action (qualifier value)|,405813007|Procedure site - Direct (attribute)| = <<41216001|Prostatic structure (body structure)|})&limit=7000",28,1
Inflammatory disorder due to increased blood urate level (disorder),90560007,Inflammatory disorder due to increased blood urate level (disorder),90560007,Gout,2,"(*):  ([1..1]{363714003|Interprets (attribute)| = 270984004|Blood urate measurement (procedure)|,363713009|Has interpretation (attribute)| = 281302008|Above reference range (qualifier value)|})&limit=7000",136,1
Sepsis caused by Pseudomonas (disorder),448813005,Sepsis (disorder),91302008,Sepsis caused by Pseudomonas (disorder),1,(*):  ([1..1]{370135005|Pathological process (attribute)| = 769256002|Dysregulated host response (qualifier value)|} AND [1..1]{42752001|Due to (attribute)| = 40733004|Infectious disease (disorder)|} AND [1..1]{363698007|Finding site (attribute)| = <<113343008|Body organ structure (body structure)|})&limit=7000,100,1
Allergy to peanut (finding),91935009,Allergy to peanut (finding),91935009,Allergy to peanuts,0,"(*):  ([1..1]{719722006|Has realization (attribute)| = 472964009|Allergic process (qualifier value)|,246075003|Causative agent (attribute)| = 762952008|Peanut (substance)|})&limit=7000",1,1
Perennial allergic rhinitis (disorder),446096008,Inflammatory disease of mucous membrane (disorder),95361005,Perennial allergic rhinitis,1,"(*):  ([1..1]{363698007|Finding site (attribute)| = <<414781009|Mucous membrane structure (body structure)|,116676008|Associated morphology (attribute)| = 409774005|Inflammatory morphology (morphologic abnormality)|})&limit=7000",224,3
Seasonal allergic rhinitis (disorder),367498001,Inflammatory disease of mucous membrane (disorder),95361005,Seasonal allergic rhinitis,1,"(*):  ([1..1]{363698007|Finding site (attribute)| = <<414781009|Mucous membrane structure (body structure)|,116676008|Associated morphology (attribute)| = 409774005|Inflammatory morphology (morphologic abnormality)|})&limit=7000",224,3
Perennial allergic rhinitis with seasonal variation (disorder),232353008,Inflammatory disease of mucous membrane (disorder),95361005,Perennial allergic rhinitis with seasonal variation,1,"(*):  ([1..1]{363698007|Finding site (attribute)| = <<414781009|Mucous membrane structure (body structure)|,116676008|Associated morphology (attribute)| = 409774005|Inflammatory morphology (morphologic abnormality)|})&limit=7000",224,3
